il_ju,content_ko,content_en
계해,극단적으로 총명한 천재적 두뇌를 타고난 당신은 알 수 없는 신비감이 느껴지는 사람이에요. 일은 치밀하고 분명하게 하지만 대인관계에 있어서는 부드럽고 정이 많은 사람입니다. 과시욕이 남달라서 그래요. 두뇌 회전이 워낙 빠르고 상상력의 스케일이 굉장히 넓습니다. 반면에 행동은 좀 느리군요. 하지만 마음 먹고 한 가지에 집중하면 그 누구도 이루기 어려운 거대한 성취를 빠르게 성취합니다. 극단적인 반전의 힘이 당신의 신비감을 더욱 매력적으로 만듭니다. 글로벌도 모자라 우주적 스케일의 이상을 가지고 살아 갑니다. 좁은 곳에 머물지 말고 해외를 대상으로 이상을 펼친다면 반드시 크게 성공하는 사람입니다.,"You are an extraordinarily intelligent person, gifted with an almost mysterious, genius-level brain. You approach work with meticulous attention to detail and clarity, yet you are also soft-hearted and caring in your relationships. Your tendency to show off is significant due to your rapid thinking and vast imagination. However, your actions may be slow at times. But once you focus on something, you can achieve massive success quickly, something that others would find difficult to match. Your extreme contrasts in personality add to your mystique, and you live with grand ideals, even on a universal scale. If you pursue your dreams internationally, you are bound for great success."
임술,뛰어난 육감과 종교적 영성을 타고난 당신은 범상치 않은 강한 힘을 가진 사람이에요. 솔직 담백한 성격이지만 내면에는 무척 강한 자존심을 가졌습니다. 한눈에 상황을 파악하는 직관력과 미래를 내다 보는 예지력을 지니고 있습니다. 당신 앞에서 어설픈 꾀를 부리다가는 바로 걸립니다. 재물을 쌓는 재능은 타의 추종을 불허합니다. 통크게 돈을 쓰면서 돈을 모으는 사람입니다. 타고난 그릇이 커서 고난을 당하면 당할수록 더 강해지며 능력을 발휘합니다. 그 어떤 고난도 이겨내는 강한 사람이지만 한없이 쓸쓸한 기분을 느끼며 살아 가는군요. 종교적 구원에 대한 열망이 강합니다. 자신이 가진 강한 힘을 타인의 고통을 풀어 주는 일에 쓴다면 정말 멋지고 아름다운 삶을 이루는 사람입니다.,"You possess strong intuition and a spiritual inclination, which makes you a person of great power. While you have a candid and straightforward personality, you also have an incredibly strong sense of pride. Your ability to grasp situations immediately, along with foresight, gives you an edge. You have an undeniable talent for accumulating wealth, managing it with generosity and growing it significantly. The more hardships you face, the stronger and more capable you become. Your deep desire for religious salvation adds to your complex inner world. Using your strength to alleviate others' suffering could lead to a beautifully fulfilling life."
신유,사물에 대한 예리한 판단력과 세밀한 직관력을 타고난 당신은 예술가적 기질과 장인 정신으로 만물의 결실을 유도하는 사람이에요. 불의를 보면 절대로 참지 못하지요. 서릿발 같은 정의감이 프로의식과 섞이면서 순결한 완벽주의를 추구합니다. 하지만 자존심과 고집 때문에 손해 보는 경우가 많군요. 말 속에 칼이 들어 있어서 그래요. 말하는 방식만 바꿔도 많은 사람들과 잘 지낼 수 있습니다. 타고난 순수하고도 정의로운 열정을 충분히 발휘하기 위해서지요. 당신은 이 사회에 꼭 필요한 사람이고 반드시 성공하는 사람이에요.,"You were born with a sharp sense of judgment and detailed intuition, combined with artistic sensibility and a craftsman's spirit. You cannot tolerate injustice, and your strong sense of justice drives you toward perfectionism. However, due to your pride and stubbornness, you sometimes face losses. Your words can be sharp, but by adjusting your tone, you can easily improve your relationships with others. You are a crucial and successful person in society."
경신,자기 주관이 뚜렷한 당신은 언제나 정도를 걷고자 하는 의지로 충만한 사람이에요. 강한 자기 확신이 그 길을 만듭니다. 내가 가는 길이 정도라는 확신 말이죠. 따라서 명예롭다고 생각하는 일에 있어서는 추진력과 뚝심이 대단합니다. 약자를 위한 일이 가장 명예롭다고 생각하고 뛰어든다면 반드시 성공하고 역사에 남을 사람이 됩니다.,"With a clear sense of self, you are always determined to follow the righteous path. Your strong self-confidence propels you forward, and when you find what you deem noble, your drive and persistence are unmatched. If you focus on work for the weak, you will undoubtedly succeed and leave a lasting legacy."
기미,내면에 강한 자존심과 명예욕을 타고난 당신은 뚝심에 있어서는 타의 추종을 불허하는 사람이에요. 포기라는 말은 사전에 없는 사람이지요. 가족은 그 무엇과도 바꿀 수 없는 가치이자 힘의 원천이라고 생각합니다. 부를 이루기 위해 우여곡절을 겪지만 특유의 뚝심으로 반드시 성공하는 사람입니다.,"You were born with a deep sense of pride and honor, and your determination is second to none. The concept of giving up does not exist for you. You believe that family is the most invaluable source of strength. Though you may face struggles to achieve wealth, your perseverance will lead you to success."
무오,공부하기를 좋아하고 인내와 노력은 내 특기라고 생각하는 당신은 고통 역시 순리라고 생각하고 받아들이는 사람이에요. 타고난 기운이 워낙 강한 데다가 인내와 노력이 수반되니 천상천하 유아독존이라는 자존감이 생길 수밖에 없지요. 다만 제어할 수 없을 정도로 크게 화를 내는 경우만 잘 제어한다면 만인을 이끄는 지도자 또는 큰 부자가 될 사람입니다.,"You enjoy studying and believe that endurance and effort are your strengths. You view hardship as a natural part of life and accept it with grace. Your inner strength, combined with your patience and effort, naturally gives you an immense sense of self-worth. However, if you can control your occasional outbursts of anger, you will become a great leader or a successful person in life."
정사,"화창한 성격의 팔방미인인 당신은 예측 불가능한 성향을 지니고 있지만, 기본적으로 실리를 추구하는 사람이에요. 상승과 응축이라는 내면의 상반되는 강한 힘이 현실에서는 극단적 경향으로 나타나는 사람입니다. 돈을 많이 벌기도 하고 전 재산을 사회에 환원하기도 하는군요. 타고난 자신의 에너지를 문명의 모순을 밝히는 능력으로 쓴다면, 널리 사람을 따뜻하게 하는 사람이 될 거예요.","Your charming, multifaceted personality makes you unpredictable, but you ultimately seek practicality. The internal conflict between expansion and contraction shows up in your life as extreme behavior. Sometimes you make a lot of money and at other times donate your entire fortune to society. If you use your energy to illuminate societal contradictions, you will warm and inspire many people."
병진,타고난 성품이 명랑하고 자비로우며 베풀기를 좋아하는 당신은 보기보다 침착하고 끈기가 있는 사람이에요. 유머와 재치를 겸비한 은근한 친화력은 중후한 매력으로 나타납니다.,"With a naturally kind and generous heart, you may come across as calm and collected, but you are also deeply persistent. Your humor, wit, and subtle charm make you well-liked by others."
을묘,타고난 공감력과 세련된 감각의 소유자인 당신은 인정이 있고 뛰어난 예술적 감수성을 지녔기에 사람들에게 인기가 많습니다. 유연성에 있어서는 타의 추종을 불허하는군요. 하지만 할 말은 하는 주관과 고집 또한 대단한 사람이에요. 유연하고 합리적인 성향을 통해 널리 사람을 부드럽게 만드는 사람입니다.,"You possess a deep sense of empathy and refined aesthetic sensitivity, and people are drawn to you because of your compassion. You are highly flexible and adaptable, though you have your strong opinions and can be quite stubborn. Your rational and flexible approach makes you a smooth communicator, making others feel at ease with you."
갑인,"근본이 진취적이고 명랑한 당신은 초봄의 강력한 상승 기운을 지니고 태어났습니다. 따라서 추진력에 있어서는 타의 추종을 불허합니다. 자존심이 말도 못하게 강합니다. 자아가 워낙 막강해서 그래요. 하늘과 땅 사이에 오직 내가 존재한다는 생각이 강한 자존심과 강력한 자의식을 만드니까요. 남의 도움 없이 오직 자기 힘으로 일을 성취하는 힘은 가장 큰 장점입니다. 매사에 적극적이고 능동적인 태도도 부러워 할 만하지요. 호기심을 탐구심으로 연결하는 능력 덕분에 기획력이 뛰어납니다. 인문학과 예술, 기술 분야에서 높은 성취가 예상되는군요. 만인의, 만인에 대한, 만인에 의한 경쟁 사회인 현대 사회에서는 반드시 성공하는 자질입니다. 다만 고립을 자초하는 과도한 돌진은 조심할 필요가 있습니다. 내 힘을 나누어 주고 함께 성취할 동지를 얻는다면 정말 멋있는 사람이 될 거란 말입니다.","You are fundamentally ambitious and optimistic, with a powerful drive to push forward in life. Your self-pride and strong sense of self-awareness make you determined and resilient. Once you set your mind to something, you can achieve great things on your own, without the help of others. You are highly proactive and curious, with strong planning skills, which will likely lead to high achievements in humanities, arts, and technology. However, you should be cautious of isolating yourself due to excessive impulsiveness, as collaborating with others will bring even greater success."
계축,자상하고 따뜻한 마음씨를 타고난 당신은 겉으로 내세우지는 않지만 엄청난 추진력과 불굴의 용기를 지닌 사람이에요. 영웅심이 강하고 인정 욕구가 대단합니다. 명예와 자존심을 중시하는 사람이라서 그래요. 만인을 기르는 지도자의 길이 어울립니다. 지나친 조바심을 때를 기다리는 지혜로 전환한다면 반드시 대성하는 사람입니다.,"You are naturally warm and kind-hearted, with immense courage and strong willpower. Although you might not show it outwardly, you possess a deep sense of ambition and a strong desire for recognition. Your strong sense of honor and self-respect would make you a great leader of the masses, and by transforming your impatience into wisdom, you are bound for significant success."
임자,매사에 의욕적이고 진취적인 기품을 타고난 당신은 속이 깊고 과묵한 사람이에요. 통솔력과 포용력이 있지만 한번 화가 나면 절제를 못하는 무서운 사람이기도 합니다. 진취적 기품과 강한 경쟁심이 섞여 영웅 기질을 만들어 냅니다. 끈질긴 인내심으로 그 어떤 어려움도 극복해 가는 강한 사람입니다. 뛰어난 심미안으로 상대방을 꿰뚫어 봅니다. 누구도 당신을 속이지 못합니다. 하지만 자신을 속이려 들지 않는 사람의 마음은 잘 모르는군요. 욱하는 순간만 잘 참으면 만인의 지도자가 되는 사람입니다.,"In everything you do, you are motivated and progressive, though you may appear to be quiet and reserved. You possess leadership qualities and the ability to be inclusive, but your strong competitiveness makes you a person destined for greatness. With your determination and patience, you overcome any difficulty and excel. Your keen aesthetic sense allows you to see through others, leaving no one able to deceive you. Yet, you may have difficulty understanding the hearts of those who do not try to deceive you. If you learn to control your temper, you will become a great leader who commands others."
신해,천성이 선량하고 천재적인 두뇌를 타고난 당신은 깨끗한 외모와 뛰어난 언변을 가진 사람이에요. 승부욕이 대단하군요. 타고난 재능에다가 자신의 투명성과 순결성을 과신하기 때문에 절대로 자신의 주장을 굽히지 않고 상대를 논리로 제압해 버립니다. 싸늘하고 차가운 성격과 까칠하고 예민한 성향을 가져서 그렇기도 합니다. 의심이 많다는 단점을 섬세한 감수성으로 전환하기만 한다면 문학과 예술 분야에서 크게 성공하는 사람입니다.,"Your exceptional intellect and eloquence make you highly perceptive and sharp. Your competitive spirit and natural talent make you highly logical and analytical, and you can suppress your emotions when necessary. You have an immense ability to teach, and if you use your talents in education to benefit society, you will achieve both wealth and recognition."
경술,"매우 섬세한 판단력과 직관력을 타고난 당신은 자기 절제력과 창의성을 동시에 가진 사람이에요. 그 힘들이 모두 강합니다. 장인 정신을 발휘한다면 대단한 업적을 남길 것이고, 남을 돕고 살리는 일에 매진한다면 평생 평화롭게 사는 사람입니다.","With an optimistic and keen sense of observation, you possess great deductive reasoning, fast mental processing, and a deep sense of loyalty. While your innate optimism sometimes poses challenges, maintaining that mindset will lead you to happiness."
기유,총명한 두뇌를 타고난 당신은 탐구심이 매우 강한 사람입니다. 매우 예민하고 까칠한 성격은 남들을 힘들게 하기도 하지만 목표를 향해 집중하는 힘이 되기도 합니다. 가르치고 배우는 일에 있어서는 천부적 재능을 타고 났어요. 특출한 재능을 통해 배운 것들을 교육을 통해 널리 사람을 이롭게 하는 데 쓴다면 부와 명예를 동시에 이룰 수 있는 사람입니다.,"Born with a sincere nature and strong intelligence, you approach everything with responsibility. Although you may come across as too rigid at times, your diligence and hard work will eventually lead you to success."
무신,"낙천적 기질을 타고났지만 예민한 관찰력, 통찰력, 추리력을 겸비한 당신은 뛰어난 논리적 화술의 소유자입니다. 빠른 두뇌 회전 덕분이지요. 또한 의리와 배짱으로 무장한 사람이에요. 다만 타고난 낙천성을 잃으면 타고난 예민함이 일어나 힘들 수도 있으니 늘 낙천적으로 생각하고 사는 게 행복한 사람입니다.","You are an optimist by nature, but with keen observational skills, insight, and reasoning abilities, making you a master of logical rhetoric. Thanks to your quick thinking, you also possess a strong sense of loyalty and courage. However, if you lose your natural optimism, your innate sensitivity might overwhelm you, so it’s important to maintain a positive outlook to stay happy."
정미,타고난 심성이 곱고 성실한 당신은 매사에 책임을 다하는 믿을 수 있는 사람이에요. 안정적이지만 고지식한 면이 있어 고집이 세다는 소리를 듣기도 합니다. 하지만 남들은 모르는 무지막지한 노력을 통해 세상을 따뜻하게 만드는 사람입니다.,"With a kind and sincere heart, you are a reliable person who takes responsibility in all matters. You are stable but can be stubborn at times, earning the reputation of being inflexible. Still, through immense, unseen effort, you bring warmth to the world."
병오,"타고난 호탕함과 기개로 거침없이 인생을 헤쳐 나가는 당신은 낙관적이면서도 비관적이며, 대하기 어려워 보이지만 편하기도 한 반전의 매력을 지닌 사람이에요.","With a bold and unrestrained personality, you charge through life with both optimism and a touch of pessimism. You may appear difficult to approach, yet you have a surprisingly approachable charm."
을사,타고난 재물복에 프로페셔널한 표현력을 겸비한 당신은 다소 진보적인 성향이고 가진 재주가 많습니다. 독립적이고 특수한 분야의 전문가란 당신을 두고 하는 말이군요. 사심없는 사교성과 왕성한 활동을 통해 반드시 사회적 성취를 이루고 널리 세상을 개성있게 물들이는 사람이에요.,"You have a natural talent for wealth and are a professional communicator with a somewhat progressive disposition and a wealth of skills. You're an independent expert in a specialized field. Through sincere social interactions and vigorous activity, you are destined for social success and will leave a unique mark on the world."
갑진,"근본적으로 명랑하고, 매사에 적극적이며 능동적인 당신은 명예욕도 대단하지만 사업 능력이 뛰어난 사람이에요. 주변에 당신을 도와 주는 사람이 많습니다. 하지만 아쉬운 소리를 하느니 목마른 놈이 샘 판다고 스스로 상황을 개척하며 문제를 해결해 나가는군요. 이런 주체적이고 독립적인 기질이 사업과 같은 어려운 일을 강하게 추진하는 능력으로 작용하는 사람이에요.","Fundamentally bright, proactive, and active, you are driven by a great desire for honor and have exceptional business acumen. Many people around you support your endeavors. However, rather than complaining, you prefer to take the initiative and solve problems yourself, a quality that makes you excel in business and other challenging tasks."
계묘,"인복을 타고난 당신은 공동체적인 가치를 중요시하며 더불어 사는 삶을 추구하는 사람이에요. 타인을 도와주고 가르치는 일을 좋아합니다. 인복이 많다는 말은 투쟁심과 독립심이 부족하다는 말도 됩니다. 하지만 온정적이고, 착하고 다정다감하며, 둥글둥글한 성품으로 타인을 편하게 해 주기 때문에 굳이 싸우지 않고도 이기는 사람이에요. 더군다나 총명한 두뇌에서 나오는 신선한 아이디어는 많은 사람들을 행복하게 만드는군요. 절대로 자신을 저평가해서는 안 됩니다. 은근한 토끼고집이 생기기 때문이에요. 자신을 있는 그대로 보여 주기만 해도 모두에게 사랑받으며 행복하게 장수하는 사람입니다.","With a natural gift for relationships, you value communal living and enjoy helping and teaching others. While this brings a great deal of social support, it may also mean you lack the drive for conflict and independence. Yet, your kindness and warmth naturally make you someone who succeeds without ever needing to fight. The clever ideas from your brilliant mind bring happiness to many people. Never underestimate yourself. Simply showing your true self will earn you love and bring lasting happiness."
임인,타고난 머리가 좋고 언변이 유려한 당신은 융통성이 있고 느긋하지만 은근한 박력이 있는 사람이에요. 이런 재능과 기질을 통해 평생 의식주에 구애받지 않고 사는 사람입니다. 타고난 두뇌 덕에 학습 능력이 좋아서 공부를 잘 합니다. 하지만 학문 자체가 목적이 아니라 사회적 활동을 통해 세상에 큰 기여를 하고자 하는 사람이에요. 만인의 사랑을 받으며 부와 명예를 이루는 사람입니다.,"With a sharp mind and eloquent speech, you are adaptable and calm, yet you possess an underlying strength. Thanks to your natural intelligence, you excel in learning and do well academically. However, education is just a means for you to contribute meaningfully to the world, not the end goal. Your talents and efforts will lead you to both wealth and fame, earning the love of all."
신축,지혜와 지모가 뛰어나고 손재주가 정밀한 당신은 매사에 요행을 바라지 않는 성실한 사람입니다. 반면에 노력한 만큼 성과가 따르지 않아 좌절하는 경우가 많군요. 자기의 재능과 노력으로 얻은 성과만 인정하기 때문에 그래요. 어떤 사람들은 요행이 따르기도 하니까요. 하지만 횡재에는 반드시 횡액이 따르고 내가 한 만큼도 못얻는 사람들이 부지기수에요. 자신의 재능과 노력을 남들이 알아 주지 않아도 열받지 말고 좀 더 너그럽게 대하면 반드시 성공하는 사람입니다.,"With wisdom, intellect, and precision, you are a diligent person who never seeks shortcuts. However, you may often feel frustrated when your efforts don’t immediately lead to results. You only recognize the outcomes of your own talent and hard work, but others may find success through luck. Remember, success built on luck may be fleeting, while the fruits of your own labor will last. Keep being generous and patient, and you are destined for success."
경자,뛰어난 재주와 총명한 두뇌를 타고난 당신은 특히 기획력과 아이디어 감각이 탁월한 사람이에요. 자기를 지키기 위한 표현력이 언어 능력으로 나타납니다.  한 가지에 꽂히면 끝장을 보는군요. 자신의 고결하고 순정한 마음을 유지하기 위해 그러는 겁니다. 고독을 느끼는 경우가 많습니다. 하지만 타고난 재능을 남들을 칭찬하는 데 쓴다면 사회에 큰 기여를 할 수 있는 사람입니다.,"You have exceptional talent and a brilliant mind, particularly in planning and ideation. Once you commit to something, you see it through to the end. However, this strong will can lead to periods of loneliness. Yet, if you use your talents to uplift others, you can make a significant contribution to society."
기해,은근과 끈기를 타고난 당신은 현실에 충실하지만 의외로 방랑기가 있는 사람이에요. 스스로를 전복시키는 폭발적 잠재력을 내면에 가지고 있습니다. 기본적으로 총명하고 똑똑합니다. 유머와 위트가 넘치구요. 자신의 진짜 모습을 남에게 내보이기 싫어합니다. 하지만 자신의 야망을 솔직하게 드러내며 잠재력을 폭발시킨다면 크게 성공하는 사람이에요. 솔직하다는 것은 남들은 물론 자신을 인정한다는 것입니다.,"You were born with subtlety and perseverance, committed to practicality, but you also harbor a rebellious spirit. Your natural intelligence, wit, and humor give you a unique charisma. While you may not show your true self to others, when you embrace your ambitions honestly, your latent potential will lead you to great success. Being honest with yourself means you acknowledge your worth and the value of others."
무술,명예를 그 무엇보다도 중요하게 여기는 당신은 자존심을 잃으면 다 잃었다고 생각할 만큼 강한 자존심을 가진 사람이에요. 내면에 자신도 주체하지 못할 정도의 강력한 에너지들이 충돌하고 있기 때문에 그렇습니다. 따라서 생각이 일상적이지 않고 독특합니다. 아프고 상처입은 사람들을 살리는 일을 해야 자신이 사는 사람입니다. 가장 명예로운 일을 해야 자존심을 잃지 않고 살 수 있으니까요.,"Honor is of utmost importance to you, and your strong sense of pride makes you believe that losing your dignity means losing everything. Your inner strength is immense, and this drives you to think in unique, non-conventional ways. You are a person who finds fulfillment in saving others and in performing the most honorable deeds. This is the only way to maintain your dignity and live fully."
정유,"타고난 심성이 곱고 순수하고, 자상한 당신은 참 귀한 사람이에요. 평생 재물운과 인복이 따릅니다. 맑고 순진한 성격과 천진난만한 기운으로 많은 사람들에게 사랑과 관심을 받습니다. 자신의 타고난 맑은 기운을 베풀면 크게 성공하는 사람입니다. 항상 먼저 베풀어야 합니다.","You possess a pure, kind, and gentle nature that makes you a rare and valuable person. You will enjoy a lifetime of wealth and relationships. Your clear, innocent energy attracts love and attention from those around you. By sharing your natural brightness, you will find great success. Always be the one to give first."
병신,"호탕하면서도 자숙할 줄 알고, 소탈하면서도 사리분별이 분명한 당신은 융통성 있는 탁월한 능력으로 사회에서 성공하는 사람이에요. 재주와 호기심이 많고 활동적인 사람입니다.","With a combination of open-heartedness and discipline, you possess excellent adaptability and sound judgment. You know when to relax and when to act decisively. Your natural curiosity and activity ensure success, while your social flexibility makes you a standout."
을미,타고난 성품이 부드럽고 온화한 당신은 갈대밭의 갈대 같아 보이지만 폭풍에는 절대로 쓰러지지 않는 유연한 힘을 가진 사람이에요. 재물에 대한 감각이 남다르니 경제적으로 크게 성공하는군요. 강자의 부당한 압력에는 절대로 굴복하지 않지만 약자와는 언제라도 연대합니다. 재물의 합리적 사용을 통해 널리 사람들을 연대하게 만드는 사람입니다.,"Though you appear gentle and soft, your flexible strength ensures that you never fall under pressure. You have a unique sense for wealth, and this ensures your success. While you never bow to the unjust pressures of the powerful, you always stand in solidarity with the weak, using your wealth wisely to unite others."
갑오,근본이 명랑하고 자기 표현이 능숙한 당신은 화려함을 좋아하지만 알 수 없는 쓸쓸함이 느껴지는 매력적인 사람이에요. 센스 있는 의상 감각과 능수능란한 언변으로 많은 사람들의 주목과 사랑을 받습니다. 대중을 위해 태어난 사람이라고 할 수 있겠네요. 비상한 촉과 뛰어난 머리로 특히 예술적인 분야에서 프로페셔널의 경지에 오릅니다. 남들이 모두 부러워하는 멋진 인생을 사는 사람이에요.,"With an inherently bright and expressive personality, you enjoy the limelight yet also feel an inexplicable loneliness. Your refined fashion sense and eloquent communication draw admiration from many. You were born to be a public figure and will reach professional heights in the arts, leading a life that others envy."
계사,"항상 자신의 원칙에 의해 움직이는 당신은 말수가 적지만 강한 추진력을 가진 사람이에요. 부드러운 듯하면서도 가시가 있고, 친절한 듯하면서도 권위가 있어 보이는 사람입니다. 내면의 엄격한 원칙에서 흘러 나오는 힘이지요. 타고난 계획성과 추진력으로 일을 잘하니 언제나 일이 많군요. 당연히 욕망도 큽니다. 하지만 자신의 욕망을 드러내지 않습니다. 추해 보일까봐 그래요. 실속과 평판을 모두 가지려는 기질 때문이죠. 이 두 가지 모순된 욕망 때문에 결정 장애를 겪기도 합니다. 하지만 이상을 추구하는 고귀한 마음을 타협하지 않고 유지한다면 반드시 고위 관직에 올라 세상을 이롭게 하는 사람입니다.","You are guided by your principles and are known for your strength of purpose. Though reserved, you show remarkable drive. You balance gentleness with authority, and your inner rigor generates tremendous strength. Your natural planning and perseverance ensure you are always in demand. However, your desire for both practicality and reputation sometimes causes internal conflict, making decision-making challenging. Still, by maintaining your noble ideals, you will rise to a high position and benefit society."
임진,뛰어나게 좋은 머리를 타고난 당신은 솔직담백하고 자신감이 넘치며 언변이 좋은 사람이에요. 자유분방하고 호탕합니다. 머리가 좋은 데다가 통이 크고 터프한 리더십을 가졌으니 만인을 위한 포용력이 따라 옵니다. 시원시원한 일처리는 당신의 가장 큰 매력이지요. 다만 '당신 속을 알 수 없다'는 말을 종종 듣는군요. 워낙에 생각이 깊고 남들보다 앞선 생각을 하기 때문에 그래요. 당신의 큰 스케일을 채워 줄 실속 있는 친구를 가까이 한다면 사회적으로 크게 성공하는 사람입니다.,"With outstanding intellect and confidence, you are a free spirit with an innate leadership style. Your deep thoughts and ability to act decisively allow you to succeed on a grand scale. If you surround yourself with the right people, your social success will be enormous."
신묘,"재능과 성실성을 동시에 타고난 당신은 꼼꼼하고 알뜰한 성격으로 소박한 행복을 추구하는 사람이에요. 타고난 재능을 발휘하며 성실하게 한발 한발, 차곡차곡 성과를 내며 전진합니다. 결국 부와 명예, 둘 다 얻게 되는 사람입니다. 다만 요행을 바라진 않지만, 공짜를 좋아하는 기질이 조금 있어서 실수할 때가 있어요. 자신의 성실성을 믿고 꾸준히 정진하다 보면 반드시 성공하는 사람입니다.","You are both talented and diligent, with a meticulous nature that seeks simple happiness. You move forward steadily, achieving results one step at a time. Eventually, you will gain both wealth and honor. While you avoid relying on luck, your tendency to enjoy freebies may occasionally lead to mistakes. Stick to your principles, and your diligent efforts will surely lead you to success."
경인,개척 정신과 투쟁 정신을 타고난 당신은 매우 적극적이며 활동적인 사람이에요. 반면에 지혜가 밝고 학문에도 뛰어납니다. 통크게 배풀고 통크게 돈을 벌며 성공하는 사람입니다. 드라마틱한 인생을 살며 자기가 속한 조직에 큰 공헌과 이익을 안겨 줍니다. 한 곳에 머물지 말고 더 넓은 세계로 나아 가세요.,"With a pioneering and combative spirit, you are highly active and enthusiastic. Your bright intellect and academic prowess further complement your drive to succeed. You will achieve success by contributing greatly to your organization, whether in dramatic circumstances or through everyday efforts. Expand your horizons beyond your current boundaries."
기축,"꼼꼼하고 성실하며, 유순하고 유연한 기질을 타고난 당신은 무리하지 않고, 서두르지 않아 매우 안정적으로 보이는 사람이에요. 하지만 속으로는 황소고집을 가지고 있습니다. 근면으로 돈을 벌고, 성실로 재물을 모아 결국 든든하게 잘사는 사람입니다. 평생에 걸쳐 이룰 수 있는 한 가지 일에 몰두한다면 역사에 큰 업적을 남길 수 있는 사람입니다.","You have an orderly, disciplined, and flexible nature, which gives you stability. While outwardly calm, your stubbornness lies beneath the surface. Through hard work and discipline, you will find lasting wealth. If you focus on one thing throughout your life, you will leave behind a lasting legacy."
무자,말과 행동이 신중한 당신은 매사에 합리적 선택을 중요하게 생각하는 사람이에요. 들인 만큼 나오기를 기대하는 태도라고 볼 수 있지요. 그래서 가끔 인색하다는 오해를 받기도 합니다. 하지만 타고난 재물복을 어려운 사람들을 돕는데 쓰기 시작하면 인색함이 인자함으로 바뀌면서 멋있는 부자가 되는 사람입니다.,"You are a person of caution and rationality, always seeking the most logical choice. You expect to receive results in proportion to your efforts, and occasionally may be mistaken for being stingy. However, if you begin to use your fortune to help those in need, your generosity will transform you into a successful person."
정해,타고난 성품이 온순하고 착실한 당신은 좋은 두뇌와 생산적인 사고를 가진 사람입니다. 주어진 일을 정해진 대로 완벽하게 처리합니다. 당신은 사랑받기 위해 태어난 사람이에요. 대인 관계를 얕지만 좀 더 넓게 한다면 더 크게 성공할 수 있는 사람입니다.,"You are gentle and dependable, with great intelligence and productive thinking. You approach each task with care, aiming for perfection. You were born to be loved by others. By broadening your circle, you will achieve even greater success."
병술,"화려하면서도 쓸쓸하고, 명랑하면서도 고독한 기질을 타고난 당신은 어떤 경우에도 희망을 잃지 않고 살아 가는 사람이에요. 단정한 의지와 깊은 속정이 부딪쳐 모순되는 매력을 발산합니다. 그 모순을 글로 표현할 수만 있다면 크게 성공하는 사람입니다.","With a delicate balance of optimism and profound self-awareness, you never lose hope, even in challenging circumstances. The contradictions within you make you highly attractive, and if you could express these contradictions through writing, you would achieve great success."
을유,"창조적인 생존 능력에 있어서는 지존이라고 불릴 만한 당신은 타고난 결단력과 돌파력을 지녔지만, 살아 있는 눈빛 속에 치명적 매력이 숨겨져 있는 사람이에요. 강자에게는 무자비하지만 약자에게는 한없이 약한 인자한 사람입니다. 약자를 부양하고 강자를 억누르기 위해 태어난 사람이라고 할 수 있습니다. 따라서 책임감에 있어서는 언제나 지존입니다. 하지만 속마음은 매우 여리고 부드러운 사람이지요. 왕성한 사회적 활동을 통해 공적 가치를 추구하니, 반드시 지도자가 되어 널리 사람을 이롭게 하는 사람이에요.","In terms of creative survival skills, you are exceptional, with natural decisiveness and breakthrough abilities. Your fierce loyalty to the weak and unyielding stance against the strong make you a person destined for responsibility. You are deeply compassionate, yet also capable of harshness when necessary. You will pursue public values through your active social efforts, becoming a leader who helps others."
갑신,"타고난 그릇이 크고 고상한 이상을 품고 사는 당신은 강자에게는 무자비하지만 약자에게는 한없이 인자한 사람이에요. 약자를 부양하고 강자를 억압하기 위해 태어난 사람이라고 할 수 있습니다. 따라서 책임감에 있어서는 누구도 따라 올 수 없는 지존입니다. 왕성한 사회적 활동을 통해 공적 가치를 추구하니, 반드시 지도자가 되어 널리 사람을 의롭게 하는 사람이에요.","You possess an expansive nature and high ideals, making you resilient to adversity. Your purity and strong sense of self give you immense inner strength, and you naturally pursue high moral values. These qualities make you suited for public service and leadership, especially when combined with your compassion for the weak and willingness to help others."
계미,맑음을 좋아하는 성품을 타고난 당신은 총명하고 영리한 데다가 마음씨까지 따뜻한 사람이에요. 공감력이 뛰어난 사람이지요. 대인 관계가 원만하니 늘 바쁘고 분주합니다. 사람들과의 따뜻한 관계가 행복의 원천이니까요. 반면에 자신은 완성체라는 높은 자존감을 가지고 있습니다. 따라서 생활력이 매우 강하겠지요. 어떤 환경에서도 희망을 찾는 자생력을 지니고 있습니다. 행복에 대해 자기만의 철학을 가지고 있어서 그래요. 자족하는 삶이 무엇인지 보여 주는 사람이군요. 그러나 하기로 한 일은 반드시 해야 한다는 원칙으로 자기 자신을 괴롭히는 경우가 많습니다. 이런 성향은 사회적으로 책임 있는 자리를 맡기에는 매우 필요한 덕목이지만 지나치게 지속되면 우울이 찾아 옵니다. 그렇다고 좌절하면 당신이 아니죠. 명랑한 기분을 되찾기 위해 할 수 있는 모든 방법을 동원해 결국 명랑해집니다. 가벼워 보이지만 상당한 무게감을 가진 사람입니다. 새로운 일에 있어서도 시작이 어렵지 시작만 했다 하면 끝까지 밀어 붙여 반드시 성공시킵니다. 자족하는 태도가 현재를 붙잡고 있어서 시작이 어려운 것이지요. 하지만 총명한 머리와 좋은 인맥 덕에 찾아 온 기회를 놓치는 일은 없습니다. 당신은 타고난 부지런함과 명랑함으로 세상을 밝게 만드는 사람입니다.,"You have a brilliant mind, capable of achieving great things with an innate love for beauty and a warm heart. You excel in empathy, and your relationships are marked by love and warmth. Your strong self-worth ensures that you thrive in any environment. Your ability to live independently and embrace life's challenges will lead to a fulfilling life."
임오,"부드럽고 온유한 성격을 타고난 당신은 자유분방하지만 성실성과 책임감도 뛰어난 사람이에요. 놀면서도 자기 할 일은 다 해내는 사람이지요. 새로운 질서에 대한 욕망 때문에 호기심이 많습니다. 반전이 몸에 밴 이유가 이 호기심 때문이지요. 하지만 한번 정하면 끝내 이루고야 마는 우직한 힘을 가졌습니다. 그런 기질 때문에 한번 좋은 사람은 평생 좋은 사람이고, 나쁜 사람은 영원히 나쁜 사람이라고 생각하는 경향이 있습니다. 조금만 유연해진다면 평생 안정적인 재물복을 누리며 행복하게 사는 사람입니다.","You were born with a gentle and kind-hearted nature, and while you have a free-spirited personality, you are also highly diligent and responsible. You manage to complete your tasks while having fun. Your curiosity, driven by a desire for new order, fuels your adventurous spirit. This curiosity also gives rise to unexpected twists in your character. However, once you set your mind on something, you possess the stubborn willpower to achieve it. Because of this, you tend to believe that once someone is a good person, they will always be a good person, and once someone is a bad person, they will forever remain so. If you become a little more flexible, you will lead a life filled with stability and happiness, enjoying lifelong prosperity."
신사,결단력을 타고나 맺고 끊음이 분명한 당신은 완벽주의를 추구하는 사람이에요. 하지만 의외로 새로운 변화를 갈망합니다. 야무지고 정교하고 날카로운 성품 때문에 매사에 결벽증적인 예민함을 드러내기도 합니다. 그보다 더 중요한 특징은 기가 막힌 촉을 타고났다는 사실입니다. 새로움과 완벽함이 부딪쳐 놀라운 촉을 만들어 내는 것이지요. 일을 잘 한다는 장점을 살리되 자기가 좋아하지 않는 사람도 인정하는 아량을 키운다면 역사에 남을 리더가 되는 사람입니다.,"You were born with strong decision-making skills and a clear sense of what to commit to and what to let go. You are a perfectionist but surprisingly crave new changes. Due to your sharp and meticulous nature, you can sometimes display obsessive behavior, but more importantly, you possess an uncanny intuition. The clash between your craving for perfection and your pursuit of novelty creates remarkable insights. If you can learn to accept those you don't like while utilizing your ability to succeed at work, you will become a leader remembered in history."
경진,두뇌 회전이 빠르고 심신이 강건한 당신은 인내심 강한 노력파입니다. 옳지 않은 일을 용납하지 않는 정의감이 장점인 사람이에요. 근본 성품이 의리가 있고 매사를 밀어 붙이는 힘이 대단합니다. 하지만 지나친 자기 확신으로 인한 주장이 강해 주변 사람들과 부딪치기도 합니다. 때론 자신을 굽히는 유연성만 발휘한다면 크게 성공하는 사람입니다.,"With a quick mind and strong body, you are a person of great perseverance. Your strong sense of justice makes you intolerant of wrongdoing. Your inherent loyalty and relentless drive are remarkable, but your strong self-confidence often leads to clashes with others. If you embrace flexibility and learn to humble yourself, you will experience great success."
기묘,고요한 성품을 타고난 당신은 안정적인 에너지를 깨끗하게 뿜어내는 사람이에요. 가족을 가장 소중하게 생각합니다. 자상한 사람이죠. 따라서 안정적인 상태를 추구하고 유지하려 노력합니다. 조용하지만 단단하게 자신의 힘을 발휘해 안정된 삶을 사는 사람이에요.,"You have a calm and stable nature, emitting pure energy, and you value family above all else. You are a caring and gentle person, always striving to maintain a secure and peaceful life. While quiet, you steadfastly exert your energy to lead a stable life."
무인,"궂은 일에는 자신이 먼저 앞장서야 직성이 풀리는 당신은, 솔선수범으로 인정받는 리더의 기질을 타고난 사람이에요. 분명한 자기 확신을 가지고 행동합니다. 만인의 지도자이자 만인을 위한 봉사자이기도 합니다. 강한 주체성 때문에 감정 조절이 잘 안되는 게 문제지만, 오히려 그 감정 표현이 매력적인 사람이에요.","You have a natural inclination to take charge of difficult tasks, and you thrive when you lead by example. You act with strong self-confidence, serving others selflessly while asserting your leadership. Your intense individuality sometimes leads to difficulty controlling your emotions, but ironically, it is your passionate emotional expression that makes you an appealing person."
정축,지혜롭고 따뜻한 당신은 우수가 깃든 깊이 있는 외모를 지닌 사람이에요. 고상한 멋을 추구하고 자신의 매력을 잘 표현합니다. 그러면서도 자산 관리 능력이 뛰어나고 독점욕이 커서 반드시 성공하는 사람입니다.,"You are wise and warm-hearted, with a profound appearance that reflects inner depth. You pursue high elegance and are able to express your own charm beautifully. At the same time, you excel in asset management and possess a strong desire for exclusivity, ensuring your success."
병자,천성이 인자하고 고결한 당신은 단정한 외모와 바른 판단력을 지녔지만 의외로 완전 기분파입니다. 이 반전 매력이 치명적인 사람이에요.,"With a kind and noble nature, you possess a well-groomed appearance and sound judgment, though you have a surprising streak of moodiness. This unexpected charm is what makes you intriguing."
을해,"외유내강, 인간적이고 고상한 성품을 지닌 당신은 겉은 온유하고 부드러워 보이지만 내면은 강한 집념으로 격렬하게 소용돌이치는 사람이에요. 하나에 꽂히면 끝장을 보는 사람이지만 수행을 통해 이상을 실현하려는 사람이기도 합니다. 그 고상한 노력으로 세상을 수준 높게 만드는 사람입니다.","You are a person with a strong inner drive, appearing gentle and soft on the outside but possessing an intense, passionate spirit. Once you set your sights on something, you pursue it relentlessly, working to achieve your ideals. Through your noble efforts, you aim to elevate the world to a higher standard."
갑술,"타고난 사업적 재능과 뛰어난 언변의 소유자인 당신은 재물운이 넘치지만 왠지 모를 고독한 매력을 지닌 사람이에요. 재물만으로는 만족하지 못해서 그래요. 그래서 더 높은 단계의 영적인 만족을 추구하게 됩니다. 봄의 시작과 가을의 마무리가 어우러진 것 같은 탁월한 말솜씨로 널리 사람들에게 사랑받고, 그 사랑으로 사람을 살리는 사람이에요.","Born with exceptional business talent and eloquence, you have an abundance of wealth and a strangely captivating aura of solitude. You are not content with material success alone, which drives you to seek higher spiritual satisfaction. With a blend of spring’s beginning and autumn’s conclusion, your eloquence makes you widely loved, and through this affection, you uplift others."
계유,"총명한 두뇌와 화려한 감각을 타고난 당신은 다재다능하고 수완이 좋은 사람이에요. 자신을 화려하게 꾸미는 것에 대해 천부적인 감각을 지녔습니다. 하지만 명품으로 치장하는 행위는 경멸하며, 자신만의 소신과 원칙으로 멋을 내는 사람입니다. 깨끗하고 맑은 기운이 내면에서 흘러 나오기 때문이지요. 당연히 청렴 결백한 성품이 따라 옵니다. 또한 적게 배워도 크게 이룰 수 있는 재능을 타고났네요. 배움에 있어서는 가성비 갑입니다. 하지만 자신의 재주를 과신한 나머지 자기 꾀에 자기가 넘어 가는 경우가 있습니다. 일반적이지 않은 분야에서 특출난 재능을 발휘합니다. 맑고 여린 마음과 독하고 잔인한 기질이 충돌하면서 생기는 재능이지요. 생애를 통틀어 어느 쪽으로 터질지 모르는 엄청난 잠재력을 만드는 힘이기도 합니다. 반면에 약자에게 무한한 연민을 가지고 베푸는 마음을 지녔습니다. 그 마음을 자신의 프로페셔널한 재능과 접목시킨다면 역사에 남을 선한 일을 할 수 있는 사람입니다.","Gifted with sharp intelligence and a refined sense of style, you are versatile and highly resourceful. You have an innate sense of fashion, though you disdain superficial displays of wealth and prefer to maintain your individuality and principles. A pure and clear aura emanates from within you, naturally leading to a sense of integrity. Despite being highly talented, you tend to be overly confident in your abilities and occasionally fall prey to your own cunning. You excel in unconventional fields, where your unique talents shine. Your delicate heart and harsh temperament create a powerful potential that may unfold in unexpected ways, but your immense compassion for the weak could lead you to perform great deeds if you combine your professional skills with kindness."
임신,좋은 두뇌와 완벽주의 기질을 타고난 당신은 고상한 것을 좋아하고 실제로 고상한 사람이에요. 문화예술적 재능뿐만 아니라 학문에서도 높은 성취를 이루는 재능을 가진 사람입니다. 타고난 재능을 통해 시작은 잘 하는데 마무리가 부족한 경우가 종종 있습니다. 하지만 넓은 포용력과 냉철한 판단력으로 결국은 성공하는 사람이에요.,"With a sharp intellect and a penchant for perfection, you are someone who appreciates and embodies refinement. You possess both artistic and scholarly talents, excelling in both areas. While you may begin projects with ease, your completion can sometimes fall short. However, your broad tolerance and sharp judgment ensure eventual success."
신미,"이해심을 타고난 당신은 남의 이야기를 잘 들어 주는 공감력이 뛰어난 사람이에요. 하지만 내면의 자존심은 그 누구도 꺾을 수 없을 만큼 강합니다. 외유내강이란 말은 당신을 두고 하는 말이라고 생각합니다. 또한 분석력이 뛰어나서 사회를 잘 읽습니다. 자신이 가진 재능을 사회적 성취로 만드는 사람입니다. 다만, 내면의 지나치게 냉정한 기운을 자신의 재능과 잘 버무려 전문 분야를 개척한다면 큰 부와 명예를 이루는 사람입니다.","Born with a strong sense of empathy, you are highly attuned to others’ feelings. However, your inner pride is unshakable. The phrase ""outer gentleness, inner strength"" perfectly describes you. You are also an excellent analyst, able to read society well and turn your abilities into social achievements. If you balance your cool-headedness with your talents, you can amass wealth and fame by forging your own path."
경오,"마음이 넓고 쾌활한 당신은 매사에 너그럽고 온유하며 인색하지 않은 사람이에요. 반듯한 외모에 정리 정돈을 잘 하며, 경우가 밝은 사람입니다. 하지만 이상하게도 이유 없이 시기, 질투, 견제를 잘 받는군요. 너무 맑은 물에는 물고기가 안 사는 것과 같은 이치입니다. 마음 속에 원대한 이상을 품고 고상한 가치를 추구해서 그래요. 계속 추구하다 보면 위대한 업적을 남기는 사람이 됩니다.","With an open heart and a bright disposition, you are generous, gentle, and not at all stingy. You maintain a neat and orderly appearance and have a clear sense of purpose. However, for reasons unknown, you often attract envy and jealousy. This is because you pursue high ideals and noble values, which makes you a target. But if you persist in this pursuit, you will leave behind a great legacy."
기사,"조용하고 부드러운 성격이지만, 그 안에 무서운 욕망이 들끓고 있는 당신은 매우 활동적이고 일을 많이 하는 사람입니다. 학문에 관심이 많아요. 끈기와 인내로 한가지 일을 꾸준히 해내는 사람이지만 실패했을 때는 좌절의 크기가 남들보다 큽니다. 하지만 포기만 하지 않는다면 반드시 도와 주는 사람이 나타납니다. 영성이 깊어서 세상을 위해 할 수 있는 일이 많은 사람이에요.","Quiet and gentle, yet filled with a fierce desire, you are highly active and industrious. You have a deep interest in academics and tackle tasks with perseverance. However, when you fail, the disappointment is greater than others might experience. But if you never give up, help will eventually come your way. With a deep spiritual nature, you are capable of great deeds for the world."
무진,스스로 부족한 것이 없다고 생각하는 당신은 타고난 완벽주의자입니다. 예의는 지키면서도 경쟁을 통해 부와 명예를 이루는 사람이에요. 다만 내 기준이 워낙 완벽하다 보니 타인의 기준을 무시하는 경향이 있습니다. 하지만 고난을 통해 타인의 처지를 이해하게 된다면 성숙하고 책임감 강한 큰 어른이 되는 사람입니다.,"You believe you are flawless, born with a perfectionist nature. You abide by social etiquette while achieving wealth and fame through competition. However, your standards are so high that you may disregard others' perspectives. Yet, through hardship, if you learn to understand others' circumstances, you will mature into a responsible and great individual."
정묘,친절하고 귀여운 당신은 끼가 많고 촉이 뛰어난 사람이에요. 가끔 변덕과 싫증과 짜증으로 주변 사람들을 당황하게 하지만 유난히 센스 있는 스타일 덕분에 사랑받는 사람입니다. 예민한 촉과 센스를 직업적으로 잘 풀어낸다면 크게 성공하는 사람입니다.,"Friendly and charming, you have a lot of flair and a keen intuition. While you may occasionally surprise others with your mood swings or irritability, your sense of style makes you beloved by those around you. If you channel your intuitive sense into a profession, you will find great success."
병인,낙천적이고 밝고 화려한 본성을 타고난 당신은 매사에 자기 중심적이지만 원대한 포부를 지니고 있습니다. 자신에 대한 믿음을 고상한 글로 표현할 수만 있다면 크게 성공할 수 있는 사람이에요.,"Optimistic and bright, you are self-centered but have grand ambitions. If you could express your self-belief in a refined manner, you would be poised for great success."
을축,"온화함과 침착성을 겸비한 당신은 수동적이며 은근하지만 한번 찍히면 과감하게 잘라버리는 과감성도 지녔습니다. 강인한 정신적 지구력을 바탕으로 한 무지막지한 끈기로 결국 성공하고야 마는, 항상 처음보다 끝이 좋은 사람이에요.","With a calm and composed demeanor, you possess both passive and subtle qualities but also have the boldness to decisively cut ties when necessary. Your mental resilience and unwavering persistence will lead you to eventual success, and you are someone who always finishes better than you begin."
갑자,"근본이 밝고 명랑한 당신은 초봄의 솟아 오르는 생명력을 지니고 태어났습니다. 따라서 시작하는 에너지가 누구보다 강합니다. 내가 제일 처음이라는 생각은 높은 자존감과 그 어떤 역경에도 굴하지 않는 강한 자존심으로 나타납니다. 반면에 아이같이 순수한 마음을 지니고 있지요. 그 순수함이 시작하는 힘을 만드는 겁니다. 언제나 땅보다는 하늘을 보고, 고상한 가치를 추구하며 살아가려 노력합니다. 사람 사귀는 일을 좋아하고 배우는 일을 좋아합니다. 공사 구분이 명확합니다. 타고난 자존심과 고상함을 추구하는 성향이 도덕적 분별력으로 나타나기 때문이죠. 공직에 어울리는 성격입니다. 인정이 많아 남들에게 잘 퍼주는 장점도 가지고 있군요. 특히 약자에게 마음이 약해지고 밥값도 먼저 계산하려는 장점이 돋보입니다. 인자하고 멋있는 사람이라는 말입니다.","Born with a bright and cheerful disposition, you possess an innate vitality and strong sense of self-esteem. You are highly ambitious and value lofty ideals, seeking to live according to high moral principles. You enjoy learning and forming connections, always distinguishing between personal and professional life. Your respect for integrity and your strong sense of moral discernment make you well-suited for public service. You also have a generous nature, particularly toward the underprivileged, often going out of your way to help. You are seen as a kind and impressive person."